exchange,yahoo_suffix,stooq_suffix
London Stock Exchange,.L,.uk
Xetra,.DE,.de
Deutsche Boerse Xetra,.DE,.de
Euronext Amsterdam,.AS,.nl
Nyse Euronext - Euronext Paris,.PA,.fr
Nyse Euronext - Euronext Brussels,.BR,.be
Nyse Euronext - Euronext Lisbon,.LS,.pt
Borsa Italiana,.MI,.it
Bolsa De Madrid,.MC,.es
SIX Swiss Exchange,.SW,.ch
Nasdaq Omx Nordic,.ST,.se
Omx Nordic Exchange Copenhagen A/S,.CO,.dk
Nasdaq Omx Helsinki Ltd.,.HE,.fi
Oslo Bors Asa,.OL,.no
Irish Stock Exchange - All Market,.IR,.ie
Wiener Boerse Ag,.VI,.at
AKT,.ST,.se
NYSE,,.us
NASDAQ,,.us
