sedol,ticker,exchange,yahoo_symbol
B71JBK1,,,OR.PA
BYZNDP7,,,ENGI.PA
B1YW1V6,,,AI.PA
BYZF9J9,,,NDA-SE.ST
BFM0SV9,,,NDA-FI.HE
BF0L353,,,A5G.IR
BMV7PN1,,,INVE-A.ST
4491235,,,KRX.IR
4519579,,,KRZ.IR
B1QH7Y4,,,VOLV-A.ST
4058629,,,GL9.IR
BZ404X1,,,LATO-B.ST
BSRKCQ8,,,ASMDEE-B.ST
BRBSCR2,,,SAMPO.HE
BYQMFK2,,,MCOV-B.ST
BMXT8K3,,,NOLA-B.ST
BXDZ9V6,,,SHB-B.ST
BMWC784,,,BETS-B.ST
B130WD0,,,RATO-B.ST
BGSCRG4,,,SKIS-B.ST
BMCP7D8,,,TRUE-B.ST
BTXYPL7,,,ATRLJ-B.ST
BLDB374,,,ANOD-B.ST
BMGTJR4,,,HLUN-A.CO
BH0WHG9,,,PLAZ-B.ST
4812740,,,SEB-C.ST
BKKJL70,,,TIETO.HE
BDQZF59,,,SAGA-D.ST
BYVWKP7,,,CORE-PREF.ST
BYVWKN5,,,CORE-B.ST
BGK8WJ8,,,SBB-D.ST
4645731,,,NCC-A.ST
